code,name,zone,division_name,lat,long,station_km,elevation_m,is_junction,has_crew_lobby,is_banking_station
HWH,HOWRAH JN,SER,KGP,22.58395755,88.34212964,0,12,TRUE,TRUE,FALSE
TPKR,TIKIAPARA,SER,KGP,22.5988413,88.3246185,2.668,6,FALSE,FALSE,FALSE
DSNR,DASNAGAR,SER,KGP,22.59820636,88.30768411,4.41,7,FALSE,FALSE,FALSE
RMJ,RAMRAJATALA,SER,KGP,22.58921661,88.29665522,6.052,7,FALSE,FALSE,FALSE
SRC,SANTRAGACHI JN,SER,KGP,22.58379297,88.28358845,7.446,6,TRUE,TRUE,FALSE
MRGM,MOURIGRAM,SER,KGP,22.58026376,88.25600521,10.517,5,FALSE,FALSE,FALSE
ADL,ANDUL,SER,KGP,22.5757392,88.24015693,12.274,5,TRUE,TRUE,FALSE
SEL,SANKRAIL,SER,KGP,22.56205085,88.20936663,15.944,5,FALSE,FALSE,FALSE
ABB,ABADA,SER,KGP,22.54817586,88.19965907,17.209,7,FALSE,FALSE,FALSE
NALR,NALPUR,SER,KGP,22.52986453,88.1865131,20.184,5,FALSE,FALSE,FALSE
BVA,BAURIA,SER,KGP,22.50301244,88.16315391,24.072,6,FALSE,FALSE,FALSE
CGA,CHENGAIL,SER,KGP,22.48704605,88.13924645,27.213,8,FALSE,FALSE,FALSE
FLR,FULESWAR,SER,KGP,22.47737258,88.11537243,29.793,6,FALSE,FALSE,FALSE
ULB,ULUBERIA,SER,KGP,22.47251716,88.09386665,32.146,9,FALSE,FALSE,FALSE
BSBP,BIRSHIBPUR,SER,KGP,22.47395807,88.05397475,36.262,8,FALSE,FALSE,FALSE
KGY,KULGACHIA,SER,KGP,22.47255839,88.02057275,39.755,5,FALSE,FALSE,FALSE
BZN,BAGNAN,SER,KGP,22.46258005,87.96983064,45.173,8,FALSE,FALSE,FALSE
GGTA,GHORAGHATA,SER,KGP,22.45822804,87.9437927,47.837,8,FALSE,FALSE,FALSE
DTE,DEULTI,SER,KGP,22.45327038,87.91470682,50.953,10,FALSE,FALSE,FALSE
QGT,KOLAGHAT,SER,KGP,22.43532954,87.88103114,54.977,11,FALSE,FALSE,FALSE
MCA,MECHEDA,SER,KGP,22.41494939,87.85849285,58.409,5,FALSE,FALSE,FALSE
NDGJ,NANDAIGAJAN,SER,KGP,22.40403952,87.83279724,61.21,6,FALSE,FALSE,FALSE
BOP,BHOGPUR,SER,KGP,22.40194659,87.80953712,63.705,7,FALSE,FALSE,FALSE
NPMR,NARAYANPAKURIA MURAIL,SER,KGP,22.39974506,87.77414265,67.346,5,FALSE,FALSE,FALSE
PKEO,PANSKURA EAST OUTER,SER,KGP,22.39759021,87.76451806,68.425,5,TRUE,FALSE,FALSE
PKU,PANSKURA JN,SER,KGP,22.39335167,87.74249685,70.676,5,TRUE,FALSE,FALSE
KHAI,KHIRAI,SER,KGP,22.37506689,87.69709314,75.907,10,FALSE,FALSE,FALSE
HAUR,HAUR,SER,KGP,22.36570188,87.65495368,80.265,13,FALSE,FALSE,FALSE
RDU,RADHAMOHANPUR,SER,KGP,22.35708912,87.61342736,84.722,15,FALSE,FALSE,FALSE
DUAN,DUAN,SER,KGP,22.35484035,87.58357498,87.75,17,FALSE,FALSE,FALSE
BCK,BALICHAK,SER,KGP,22.35796742,87.55298616,91.016,20,FALSE,FALSE,FALSE
SMCK,SHYAMCHAK,SER,KGP,22.36353695,87.5009094,96.426,25,FALSE,FALSE,FALSE
MPD,MADPUR,SER,KGP,22.36936854,87.44310302,102.45,27,FALSE,FALSE,FALSE
JPR,JAKPUR,SER,KGP,22.36261992,87.38954919,108.225,27,FALSE,FALSE,FALSE
KGP,KHARAGPUR JN,SER,KGP,22.34075357,87.32621011,115.365,39,TRUE,TRUE,FALSE
GMDN,GIRIMAIDAN,SER,KGP,22.34199696,87.30612827,117.41,47,FALSE,FALSE,FALSE
GKL,GOKULPUR,SER,KGP,22.37533572,87.29406906,121.441,,FALSE,FALSE,FALSE
MDN,MEDINIPUR,SER,KGP,22.42498685,87.30782403,128.172,47,FALSE,FALSE,FALSE
NPTY,NIMPURA THROUGH YARD,SER,KGP,22.33241939,87.26473821,121.73,56,FALSE,FALSE,TRUE
W/O,WEST OUTER,SER,KGP,22.33884206,87.2487202,,,FALSE,FALSE,FALSE
WOSC,W/O SDG. CABIN,SER,KGP,22.357795,87.2837973,,,FALSE,FALSE,FALSE
RGX,RAGHUNATHBARI,SER,KGP,22.35386664,87.79748414,78.327,6,FALSE,FALSE,FALSE
RGA,RAJGODA,SER,KGP,22.32426201,87.86649383,86.31,6,FALSE,FALSE,FALSE
SMTG,SAHID MATANGINI,SER,KGP,22.30038208,87.90843297,91.536,6,FALSE,FALSE,FALSE
TMZ,TAMLUK,SER,KGP,22.27472356,87.91999329,94.6,6,FALSE,FALSE,FALSE
TMZJ,TAMLUK JUNCTION CABIN,SER,KGP,22.23427963,87.93789328,99.476,,TRUE,FALSE,FALSE
KSBP,KESHABPUR,SER,KGP,22.22078503,87.95014721,101.511,5,FALSE,FALSE,FALSE
SSPH,SATISH SAMANTA PH,SER,KGP,22.19243218,87.99065096,106.841,8,FALSE,FALSE,FALSE
MSDL,MAHISADAL,SER,KGP,22.19243218,87.99065096,109.5,6,FALSE,FALSE,FALSE
BRDB,BARDA,SER,KGP,22.15248205,88.08743388,118.067,7,FALSE,FALSE,FALSE
BYSA,BASULIA SUTAHATA,SER,KGP,22.12043439,88.13102606,123.96,,FALSE,FALSE,FALSE
BSCB,BASULIA JN. CABIN,SER,KGP,22.10597351,88.14421849,126.96,,TRUE,FALSE,FALSE
DZK,DURGACHAK,SER,KGP,22.0817138,88.15518315,129.208,,FALSE,FALSE,FALSE
DZKT,DURGACHAK TOWN,SER,KGP,22.06644972,88.13539821,132.168,4,FALSE,FALSE,FALSE
SLPB,SHILPAPRABESH,SER,KGP,22.05870124,88.10631298,135.076,8,FALSE,FALSE,FALSE
BAAR,BANDAR,SER,KGP,22.05295379,88.08852457,137.3,8,FALSE,FALSE,FALSE
HLZ,HALDIA,SER,KGP,22.04471006,88.06579618,139.765,5,FALSE,FALSE,FALSE
NDKR,NANDAKUMAR,SER,KGP,22.1908353,87.92764242,103.772,,FALSE,FALSE,FALSE
LSGS,LAVAN SATYAGRAHA SMARAK,SER,KGP,22.11515855,87.87166777,114.291,,FALSE,FALSE,FALSE
DSPN,DESHAPRAN,SER,KGP,22.03010024,87.81761361,126.88,,FALSE,FALSE,FALSE
HEN,HENRIA,SER,KGP,21.97159689,87.79415599,133.091,5,FALSE,FALSE,FALSE
NCN,NACHINDA,SER,KGP,21.87397188,87.75201918,144.883,,FALSE,FALSE,FALSE
KATI,KANTHI,SER,KGP,21.78855077,87.73346325,155.926,5,FALSE,FALSE,FALSE
STLB,SITALPUR,SER,KGP,21.66757077,87.53482658,162.816,,FALSE,FALSE,FALSE
SJPA,SUJALPUR,SER,KGP,21.67709624,87.55376195,165.076,,FALSE,FALSE,FALSE
APRD,ASHAPURNA DEVI,SER,KGP,21.70930795,87.61480325,170.032,,FALSE,FALSE,FALSE
BDPA,BADALPUR,SER,KGP,21.72179258,87.63238538,172.446,,FALSE,FALSE,FALSE
RMRB,RAMNAGAR BENGAL,SER,KGP,21.75949176,87.65662858,180.636,,FALSE,FALSE,FALSE
TKRA,TIKRA,SER,KGP,21.77305097,87.67084145,182.636,8,FALSE,FALSE,FALSE
DGHA,DIGHA,SER,KGP,21.62345903,87.5081906,188.44,7,FALSE,FALSE,FALSE
HIJ,HIJLI,SER,KGP,22.32020048,87.3191164,119.133,44,TRUE,FALSE,FALSE
BPE,BENAPUR,SER,KGP,22.27398322,87.37625212,127.202,35,FALSE,FALSE,FALSE
NYA,NARAYANGARH,SER,KGP,22.17439474,87.38105082,138.261,23,FALSE,FALSE,FALSE
VKD,BAKHRABAD,SER,KGP,21.11884467,87.36376544,144.695,15,FALSE,FALSE,FALSE
BLDA,BELDA,SER,KGP,22.07148516,87.33636414,150.68,20,FALSE,FALSE,FALSE
NSI,NEKURSENI,SER,KGP,22.00442069,87.30604177,158.822,24,FALSE,FALSE,FALSE
DNT,DANTAN,SER,KGP,21.9301307,87.28420517,167.043,21,FALSE,FALSE,FALSE
AGV,ANGUA,SER,KGP,21.89431986,87.27054962,171.625,18,FALSE,FALSE,FALSE
LXD,LAXMANNATH ROAD,SER,KGP,21.84171324,87.25094129,177.528,16,FALSE,FALSE,FALSE
JER,JALESWAR,SER,KGP,21.79749459,87.22005374,183.683,15,FALSE,FALSE,FALSE
RGT,RAJGHAT,SER,KGP,21.76465999,87.15510055,191.232,11,FALSE,FALSE,FALSE
ARD,AMARDA ROAD,SER,KGP,21.73421774,87.10204871,197.786,12,FALSE,FALSE,FALSE
BTS,BASTA,SER,KGP,21.70176508,87.06293629,203.383,15,FALSE,FALSE,FALSE
NMBR,NUAGAON MAYURBHANJ ROAD,SER,KGP,21.66878034,87.03968657,207.5,9,FALSE,FALSE,FALSE
ROP,RUPSA JN,SER,KGP,21.62246098,87.01882175,213.199,17,TRUE,FALSE,FALSE
HIP,HALDIPADA,SER,KGP,21.57161682,86.997076,219.35,9,FALSE,FALSE,FALSE
TKPL,TIKIRAPAL,SER,KGP,21.53646218,86.94551161,226.3,7,FALSE,FALSE,FALSE
BLS,BALASORE,SER,KGP,21.50108251,86.92006818,231.064,17,TRUE,TRUE,FALSE
NGRD,NILGIRI ROAD,SER,KGP,21.42629544,86.8554833,241.735,12,FALSE,FALSE,FALSE
KHF,KHANTAPARA,SER,KGP,21.39663442,86.82344872,246.409,15,FALSE,FALSE,FALSE
PNPN,PANPANA,SER,KGP,21.36175571,86.79329838,250.909,15,FALSE,FALSE,FALSE
BNBR,BHANAGABAZZAR,SER,KGP,21.33590731,86.76159188,255.7,18,FALSE,FALSE,FALSE
SORO,SORO,SER,KGP,21.29119092,86.69253385,264.424,18,FALSE,FALSE,FALSE
SZZ,SABIRA,SER,KGP,21.23834036,86.63134691,273.029,14,FALSE,FALSE,FALSE
MKO,MARKONA,SER,KGP,21.19556217,86.59631695,279.02,17,FALSE,FALSE,FALSE
RNTL,RANITAL JN,SER,KGP,21.1501525,86.55675121,285.459,21,TRUE,FALSE,FALSE
KKQ,KALAIKUNDA,SER,KGP,22.32947716,87.24377248,123.668,62,FALSE,FALSE,FALSE
KSO,KHEMASULI,SER,KGP,22.3386023,87.18515151,130.27,60,FALSE,FALSE,FALSE
SUA,SARDIHA,SER,KGP,22.38118978,87.12380338,138.168,73,FALSE,FALSE,FALSE
BNB,BANSTALA,SER,KGP,22.42122008,87.06259762,144.932,81,FALSE,FALSE,FALSE
JGM,JHARGRAM,SER,KGP,22.45437445,86.99842312,153.498,79,FALSE,FALSE,FALSE
KATB,KHATKURA,SER,KGP,22.47672831,86.93267391,160.778,86,FALSE,FALSE,FALSE
GII,GIDHNI,SER,KGP,22.48119501,86.85329362,169.09,110,FALSE,FALSE,FALSE
KNM,KANIMAULI,SER,KGP,22.48258967,86.77953573,176.501,106,FALSE,FALSE,FALSE
CKU,CHAKULIA,SER,KGP,22.47847369,86.72156802,182.71,104,FALSE,FALSE,FALSE
KKPR,KOKPARA,SER,KGP,22.4748396,86.63451168,191.769,104,FALSE,FALSE,FALSE
DVM,DHALBHUMGARH,SER,KGP,22.50559673,86.55302108,201.133,115,FALSE,FALSE,FALSE
CHGA,CHIRUGODA,SER,KGP,22.54678914,86.51836859,206.8,100,FALSE,FALSE,FALSE
GTS,GHATSILA,SER,KGP,22.58595963,86.47961295,213.189,100,FALSE,TRUE,FALSE
GUD,GALUDIH,SER,KGP,22.64797561,86.41148696,223.139,115,FALSE,FALSE,FALSE
RHE,RAKHAMINES,SER,KGP,22.67457841,86.35426338,230.135,118,FALSE,FALSE,FALSE
TKH,THAKURTOTA,SER,KGP,21.65263313,86.9712933,219.48,34,FALSE,FALSE,FALSE
JRG,JUGPURA,SER,KGP,21.66912939,86.91287927,225.721,34,FALSE,FALSE,FALSE
JOL,JOGAL,SER,KGP,21.69625394,86.88252074,231.621,42,FALSE,FALSE,FALSE
BTQ,BETNOTI,SER,KGP,21.74066618,86.84387618,237.163,48,FALSE,FALSE,FALSE
KCV,KRISHNACHANDRAPUR,SER,KGP,21.8248573,86.82147365,248.531,89,FALSE,FALSE,FALSE
JSE,JAMSOLE,SER,KGP,21.87481746,86.81762175,254.617,83,FALSE,FALSE,FALSE
BPO,BARIPADA,SER,KGP,21.92321056,86.73781794,264.796,50,FALSE,FALSE,FALSE
VZR,BHANJPUR,SER,KGP,21.95406652,86.73451246,268.317,49,FALSE,FALSE,FALSE
KUCE,KUCHAI,SER,KGP,22.01095584,86.69692041,275.93,60,FALSE,FALSE,FALSE
BWO,BURAMARA,SER,KGP,22.10801573,86.65079337,287.774,88,FALSE,FALSE,FALSE
RJLK,RAJALUKA,SER,KGP,22.15301799,86.61732833,293.94,85,FALSE,FALSE,FALSE
BGY,BANGIRIPOSI,SER,KGP,22.14651659,86.54008498,302.224,,FALSE,FALSE,FALSE
SBGB,SUTEI BADAGAN,SER,KGP,21.49118964,86.8658,237.387,25,FALSE,FALSE,FALSE
GPNB,GOPINATHPUR NILGIRI,SER,KGP,21.48328371,86.78661,246.705,,FALSE,FALSE,FALSE
MRFO,MOURIGRAM F/O,SER,KGP,22.58190825,88.2584237,10.517,,TRUE,FALSE,FALSE
BKNM,BANKRA NAYABAZ,SER,KGP,22.59590945,88.27760707,13.097,6,FALSE,FALSE,FALSE
BLTR,BALTIKURI,SER,KGP,22.60943431,88.2960916,15.697,,FALSE,FALSE,FALSE
KONA,KONA,SER,KGP,22.61833798,88.29648857,16.912,6,FALSE,FALSE,FALSE
DNI,DANSI,SER,KGP,22.6220617,88.26641564,20.246,,FALSE,FALSE,FALSE
JLBR,JHALURBAR,SER,KGP,22.62770507,88.25229099,21.81,,FALSE,FALSE,FALSE
MDC,MAKARDAH,SER,KGP,22.62898993,88.23619395,23.863,,FALSE,FALSE,FALSE
DMJR,DOMJUR ROAD,SER,KGP,22.63572235,88.22231182,25.291,,FALSE,FALSE,FALSE
DJR,DOMJUR,SER,KGP,22.64305983,88.20944794,26.227,,FALSE,FALSE,FALSE
DKB,DAKHINBARI,SER,KGP,22.65617576,88.18263238,29.834,,FALSE,FALSE,FALSE
BAC,BARGACHIA,SER,KGP,22.66699663,88.1381625,34.475,,FALSE,FALSE,FALSE
PTHL,PATIHAL,SER,KGP,22.65979955,88.11472135,37.328,,FALSE,FALSE,FALSE
MNH,MUNSHIRHAT,SER,KGP,22.64877023,88.09530246,39.565,,FALSE,FALSE,FALSE
MHLN,MAHENDRALAL NAGAR,SER,KGP,22.64313962,88.09162614,40.316,,FALSE,FALSE,FALSE
MAJU,MAJU,SER,KGP,22.61608302,88.07873812,43.64,,FALSE,FALSE,FALSE
JLI,JALALSI,SER,KGP,22.58824233,88.05767131,47.42,,FALSE,FALSE,FALSE
HDC,HARISHDADPUR,SER,KGP,22.57513696,88.04352772,49.49,,FALSE,FALSE,FALSE
AMZ,AMTA,SER,KGP,22.5747816,88.01938771,52.05,5,FALSE,FALSE,FALSE
PDPK,PADMAPUKUR,SER,KGP,22.56799409,88.30613178,10.332,5,FALSE,FALSE,FALSE
SHM,SHALIMAR,SER,KGP,22.55469653,88.31668225,12.616,5,FALSE,FALSE,FALSE
ACSY,Ambuja Cement Eastern Ltd,SER,KGP,22.56947834,88.19449584,,,FALSE,FALSE,FALSE
AMTA,Amta,SER,KGP,22.57477549,88.01939153,,,FALSE,FALSE,FALSE
ASB,Asanboni,SER,KGP,22.70512732,86.32172074,,,FALSE,FALSE,FALSE
BALT,Baltikuri,SER,KGP,22.60987299,88.29613775,,,FALSE,FALSE,FALSE
COIB,Combined Oil Industry at Somenathopur of M/s. HPCL,SER,KGP,21.49306487,86.84509861,,,FALSE,FALSE,FALSE
CPIB,CONCOR of M/s. Concor,SER,KGP,21.49150076,86.84536418,,,FALSE,FALSE,FALSE
CSY,Cossye,SER,KGP,22.40691873,87.28985624,,,FALSE,FALSE,FALSE
CTCS,CONCOR TERMINALS AT SHALIMAR (KGP DIV),SER,KGP,22.55560804,88.31893358,,,FALSE,FALSE,FALSE
GHDA,GHOLBAGDA,SER,KGP,21.91743517,87.76824438,,,FALSE,FALSE,FALSE
GPSD,GRAVEL PUBLIC SIDING,SER,KGP,22.50572431,86.55300076,,,FALSE,FALSE,FALSE
GVDP,GOVINDPUR PH,SER,KGP,22.74333737,86.26066763,,,FALSE,FALSE,FALSE
HDCB,HALDIA DOCK COMP. BULK.,SER,KGP,22.03817617,88.08129675,,,FALSE,FALSE,FALSE
HDCG,HALDIA DOCK COMP. GENL.,SER,KGP,22.05497355,88.0957861,,,FALSE,FALSE,FALSE
HEBS,M/s. HALDIA ENERGY LTD.,SER,KGP,22.1003237,88.17683852,,,FALSE,FALSE,FALSE
HWHS,HOWRAH ( SOUTH NEW COMPLEX),SER,KGP,22.58080138,88.34276986,,,FALSE,FALSE,FALSE
ICCG,"INDIAN COPPER COMPLEX, GHATSILA",SER,KGP,22.59790616,86.45611627,,,FALSE,FALSE,FALSE
JRH,Jugpura,SER,KGP,21.66912937,86.91290073,,,FALSE,FALSE,FALSE
KAF,KHARIDA GOODS SHED,SER,KGP,22.34232268,87.32685204,,,FALSE,FALSE,FALSE
KCBN,K - CABIN,SER,KGP,22.33633708,87.29828629,,,FALSE,FALSE,FALSE
KGPW,KHARAGPUR WORKSHOP,SER,KGP,22.33578302,87.30103333,,,FALSE,FALSE,FALSE
KIG,Kolaghat,SER,KGP,22.43546626,87.88111182,,,FALSE,FALSE,FALSE
KPPS,Kolaghat Thermal Power Station,SER,KGP,22.41575606,87.87567903,,,FALSE,FALSE,FALSE
MBEB,PVT. SIDING OF M/S. BENGAL ENERGY PVT. LTD.,SER,KGP,22.25006444,87.38718547,,,FALSE,FALSE,FALSE
MJH,Maju (P.H.),SER,KGP,22.61623482,88.07874753,,,FALSE,FALSE,FALSE
MOMG,GATI SHAKTI MULTI-MODAL CARGO TERMINAL OF M/S. ORISSA METALIKS PVT. LT,SER,KGP,22.37539436,87.29406133,,,FALSE,FALSE,FALSE
MOMN,PVT. SDG. OF M/S. ORISSA METALIKS PVT. LTD. (AT NIMPURA-GOKULPUR),SER,KGP,22.37539436,87.29406133,,,FALSE,FALSE,FALSE
MSTR,M/S. SRIDHI TRANSPORT CO. PVT. LTD.,SER,KGP,21.14322806,86.5522735,,,FALSE,FALSE,FALSE
NDSB,Nilgiri Departmental Siding,SER,KGP,21.42649405,86.85546393,,,FALSE,FALSE,FALSE
NGRM,RAM SARUP LOHH UDYOG LTD,SER,KGP,22.35470862,87.27791423,,,FALSE,FALSE,FALSE
NKKH,Nimpura Goods Shed Complex,SER,KGP,22.32916427,87.24385238,,,FALSE,FALSE,FALSE
NMMS,"NIMPURA MILITARY SIDING, NIMPURA",SER,KGP,22.33281855,87.26329624,,,FALSE,FALSE,FALSE
NMP,Nimpura,SER,KGP,22.32547357,87.26565038,,,FALSE,FALSE,FALSE
NMPY,Nimpura Marshalling Yard,SER,KGP,22.32557353,87.26772482,,,FALSE,FALSE,FALSE
NPDY,NIMPURA DEPARTURE YARD,SER,KGP,22.33630731,87.29828629,,,FALSE,FALSE,FALSE
NPRY,NIMPURA RECEIPTION YARD,SER,KGP,22.33360932,87.26630627,,,FALSE,FALSE,FALSE
OKB,OLD KOILAGHAT BUILDING,SER,KGP,22.57261145,88.34650649,,,FALSE,FALSE,FALSE
PDCH,Public Siding at Haldia DEMU Coach Factory,SER,KGP,22.04509112,88.05973976,,,FALSE,FALSE,FALSE
PMHD,POL SIDING OF M/S. HPCL,SER,KGP,22.03817617,88.08129675,,,FALSE,FALSE,FALSE
PMJF,PRIVATE SIDING FOR M/S. JUTE AND CABLE MILL,SER,KGP,22.50283825,88.16305055,,,FALSE,FALSE,FALSE
PMRN,M/S RASHMI METALIKS LTD AT GOKULPUR,SER,KGP,22.379826,87.29213058,,,FALSE,FALSE,FALSE
PNKA,M/S. NARESH KUMAR & CO. PVT. LTD.(served by AMTA station),SER,KGP,22.57477318,88.01943318,,,FALSE,FALSE,FALSE
PNOB,M/S NOCCi BALASORE INFRASTRUCTURE COMPANY LTD,SER,KGP,21.49584831,86.88353484,,,FALSE,FALSE,FALSE
PSOR,PUBLIC SIDING OF RAILWAY,SER,KGP,22.45452918,86.99840978,,,FALSE,FALSE,FALSE
RCLM,M/S. RAMCO CEMENTS LTD.,SER,KGP,22.42224403,87.86252616,,,FALSE,FALSE,FALSE
SDDK,STORE DEPOT SIDING FOR DIESEL LOCO SHED (DEPARTMENTAL),SER,KGP,22.33591273,87.30909128,,,FALSE,FALSE,FALSE
SGTY,SANKRAIL GOODS TERMINAL YARD,SER,KGP,22.55441575,88.19950913,,,FALSE,FALSE,FALSE
SLPR,Shilpaprabesh,SER,KGP,22.05905041,88.10616601,,,FALSE,FALSE,FALSE
SREW,"HINDUSTAN DEVELOPMENT CORPN, SANTRAGACHI",SER,KGP,22.58056129,88.27951075,,,FALSE,FALSE,FALSE
TCLD,Tata Chemicals Ltd,SER,KGP,22.06607002,88.15004371,,,FALSE,FALSE,FALSE
TMGP,TATA METALIKS LTD,SER,KGP,22.38519478,87.28371167,,,FALSE,FALSE,FALSE
